{"N": 20, "N_trial": 100, "Z": [[0.0, 0.0, 0.0, 0.0, 0.0, 0.0, 0.0, 0.03, 0.19, 0.51, 0.64, 0.65, 0.88, 0.91, 0.9199999999999999, 0.94, 0.95, 0.97, 0.99, 0.98], [0.0, 0.0, 0.0, 0.0, 0.0, 0.0, 0.0, 0.05, 0.30000000000000004, 0.51, 0.64, 0.8, 0.84, 0.93, 0.94, 0.97, 0.97, 0.98, 0.98, 0.98], [0.0, 0.0, 0.0, 0.0, 0.0, 0.0, 0.01, 0.22, 0.43000000000000005, 0.63, 0.76, 0.83, 0.9199999999999999, 0.9099999999999999, 0.9299999999999999, 0.98, 0.99, 0.97, 0.97, 0.99], [0.0, 0.0, 0.0, 0.0, 0.0, 0.0, 0.09, 0.3, 0.51, 0.66, 0.78, 0.8900000000000001, 0.9099999999999999, 0.9, 0.9500000000000001, 0.96, 0.97, 0.99, 1.0, 0.99], [0.0, 0.0, 0.0, 0.0, 0.0, 0.07, 0.29, 0.54, 0.62, 0.8, 0.8500000000000001, 0.9, 0.9299999999999999, 0.96, 0.96, 0.97, 0.97, 0.98, 1.0, 0.99], [0.0, 0.0, 0.0, 0.0, 0.06, 0.25, 0.48, 0.64, 0.72, 0.85, 0.8799999999999999, 0.94, 0.95, 0.98, 0.98, 0.99, 0.99, 0.98, 0.99, 0.99], [0.0, 0.0, 0.0, 0.04, 0.17, 0.32, 0.52, 0.73, 0.86, 0.85, 0.92, 0.95, 0.96, 0.98, 0.94, 0.99, 0.9700000000000001, 0.99, 0.99, 0.99], [0.0, 0.0, 0.04, 0.15, 0.39, 0.5900000000000001, 0.69, 0.8, 0.86, 0.9099999999999999, 0.9299999999999999, 0.8999999999999999, 0.98, 0.97, 0.98, 0.99, 0.98, 1.0, 0.99, 0.99], [0.0, 0.03, 0.12000000000000001, 0.38, 0.53, 0.69, 0.81, 0.8800000000000001, 0.87, 0.87, 0.95, 0.96, 0.99, 0.98, 0.98, 0.98, 0.99, 1.0, 0.99, 0.99], [0.06, 0.15000000000000002, 0.33, 0.41000000000000003, 0.63, 0.8300000000000001, 0.81, 0.91, 0.93, 0.95, 0.92, 0.96, 0.99, 0.98, 0.98, 0.97, 1.0, 0.99, 0.99, 1.0], [0.19, 0.38, 0.54, 0.63, 0.77, 0.88, 0.8899999999999999, 0.94, 0.94, 0.96, 0.96, 0.97, 0.98, 0.99, 1.0, 0.98, 1.0, 1.0, 1.0, 0.99], [0.32, 0.48, 0.63, 0.77, 0.8200000000000001, 0.8899999999999999, 0.87, 0.95, 0.96, 0.95, 0.97, 0.98, 0.97, 0.9700000000000001, 0.99, 0.99, 0.99, 0.99, 0.98, 0.99], [0.48, 0.64, 0.78, 0.8, 0.88, 0.89, 0.9099999999999999, 0.9299999999999999, 0.98, 0.99, 0.96, 0.98, 0.97, 0.97, 0.98, 0.97, 0.99, 0.99, 0.99, 1.0], [0.66, 0.76, 0.83, 0.91, 0.9199999999999999, 0.9600000000000001, 0.94, 0.98, 0.93, 0.98, 0.99, 0.99, 0.99, 0.99, 0.99, 1.0, 0.99, 0.99, 0.99, 0.98], [0.7, 0.8500000000000001, 0.91, 0.9299999999999999, 0.88, 0.92, 0.96, 0.95, 0.98, 0.97, 0.98, 0.98, 0.98, 1.0, 0.99, 0.98, 0.99, 0.99, 0.99, 0.99], [0.9, 0.87, 0.9400000000000001, 0.92, 0.9600000000000001, 0.8999999999999999, 0.9199999999999999, 0.9299999999999999, 0.95, 0.97, 0.98, 0.99, 0.98, 0.98, 0.99, 0.99, 1.0, 0.98, 0.99, 0.99], [0.73, 0.92, 0.9299999999999999, 0.98, 0.98, 0.98, 0.9600000000000001, 0.99, 0.98, 0.96, 0.9600000000000001, 0.98, 0.99, 0.99, 0.98, 0.99, 0.99, 1.0, 0.99, 0.99], [0.93, 0.9299999999999999, 0.97, 0.97, 0.92, 0.97, 0.97, 0.96, 0.96, 0.98, 0.96, 0.98, 0.97, 0.97, 0.99, 0.99, 0.99, 0.99, 0.99, 1.0], [0.86, 0.9400000000000001, 0.92, 0.92, 0.9199999999999999, 0.98, 0.97, 0.97, 0.98, 0.95, 0.99, 0.9500000000000001, 0.99, 0.98, 0.99, 0.99, 0.99, 1.0, 1.0, 1.0], [0.93, 0.9400000000000001, 0.87, 0.94, 0.97, 0.95, 0.97, 0.96, 0.97, 0.98, 0.99, 0.96, 0.98, 0.98, 0.99, 0.99, 0.97, 0.99, 0.99, 0.99]]}