{"N": 20, "N_trial": 100, "Z": [[0.1, 0.09, 0.09, 0.05, 0.11, 0.08, 0.07, 0.21, 0.4, 0.5900000000000001, 0.79, 0.85, 0.9199999999999999, 0.9299999999999999, 0.96, 0.98, 0.97, 0.99, 0.99, 0.99], [0.1, 0.09, 0.11, 0.08, 0.08, 0.07, 0.11, 0.22999999999999998, 0.44999999999999996, 0.66, 0.79, 0.9299999999999999, 0.94, 0.9299999999999999, 0.97, 0.97, 0.99, 0.98, 0.99, 0.98], [0.08, 0.07, 0.1, 0.1, 0.12, 0.08, 0.22, 0.43, 0.55, 0.7999999999999999, 0.8200000000000001, 0.9299999999999999, 0.92, 0.94, 0.96, 0.98, 0.98, 0.99, 0.99, 0.99], [0.08, 0.08, 0.09, 0.09, 0.09, 0.09999999999999999, 0.3, 0.53, 0.75, 0.77, 0.88, 0.85, 0.94, 0.98, 0.96, 0.98, 0.97, 0.97, 0.99, 1.0], [0.07, 0.1, 0.12, 0.1, 0.14, 0.16999999999999998, 0.49, 0.59, 0.79, 0.8, 0.9299999999999999, 0.92, 0.96, 0.96, 0.96, 0.97, 0.97, 0.99, 0.99, 0.98], [0.04, 0.14, 0.14, 0.11, 0.13, 0.29, 0.61, 0.68, 0.8200000000000001, 0.83, 0.9199999999999999, 0.93, 0.96, 0.94, 0.98, 0.98, 0.98, 0.99, 1.0, 1.0], [0.1, 0.09, 0.07, 0.11, 0.22, 0.38, 0.6, 0.8300000000000001, 0.83, 0.9299999999999999, 0.9199999999999999, 0.96, 0.9299999999999999, 0.99, 0.97, 0.97, 0.98, 0.99, 0.99, 0.99], [0.13, 0.12, 0.1, 0.19, 0.37, 0.6, 0.73, 0.89, 0.8899999999999999, 0.96, 0.94, 0.97, 0.97, 0.98, 0.98, 0.98, 0.98, 0.99, 0.99, 0.99], [0.08, 0.09, 0.12, 0.21, 0.44999999999999996, 0.6000000000000001, 0.78, 0.9, 0.88, 0.97, 0.9500000000000001, 0.96, 0.97, 0.97, 0.99, 0.99, 0.99, 0.99, 0.99, 0.99], [0.09, 0.11, 0.22999999999999998, 0.35, 0.59, 0.65, 0.8200000000000001, 0.9, 0.92, 0.9099999999999999, 0.97, 0.95, 0.94, 0.97, 0.99, 0.99, 0.99, 0.99, 1.0, 1.0], [0.15, 0.13, 0.31, 0.59, 0.68, 0.8200000000000001, 0.8999999999999999, 0.9, 0.96, 0.94, 0.97, 0.97, 0.99, 0.98, 0.98, 0.99, 0.99, 1.0, 0.99, 0.98], [0.16, 0.29, 0.45, 0.54, 0.71, 0.8200000000000001, 0.8200000000000001, 0.9, 0.9099999999999999, 0.94, 0.9500000000000001, 0.97, 0.96, 0.97, 0.98, 0.98, 0.98, 0.99, 0.99, 0.99], [0.25, 0.26, 0.6, 0.7, 0.73, 0.8, 0.89, 0.86, 0.9299999999999999, 0.97, 0.98, 0.9600000000000001, 0.98, 0.99, 0.99, 0.98, 0.99, 0.99, 0.99, 0.99], [0.32999999999999996, 0.49, 0.64, 0.7, 0.77, 0.87, 0.89, 0.8999999999999999, 0.94, 0.96, 0.98, 0.94, 0.99, 0.97, 0.98, 0.98, 0.99, 0.99, 1.0, 1.0], [0.39, 0.58, 0.57, 0.82, 0.8799999999999999, 0.9099999999999999, 0.94, 0.9199999999999999, 0.96, 0.96, 0.97, 0.9600000000000001, 0.98, 0.97, 0.99, 0.99, 0.99, 0.99, 0.99, 0.99], [0.53, 0.63, 0.84, 0.87, 0.9299999999999999, 0.87, 0.8999999999999999, 0.9299999999999999, 0.9299999999999999, 0.97, 0.96, 0.97, 0.97, 0.98, 0.99, 0.99, 0.98, 0.99, 1.0, 0.99], [0.54, 0.66, 0.69, 0.77, 0.8699999999999999, 0.92, 0.88, 0.97, 0.96, 0.99, 0.95, 0.98, 0.98, 0.98, 0.97, 0.99, 0.99, 1.0, 1.0, 0.99], [0.6799999999999999, 0.74, 0.82, 0.93, 0.87, 0.9600000000000001, 0.9, 0.97, 0.94, 0.97, 0.94, 0.97, 0.98, 0.97, 0.99, 0.99, 0.98, 0.99, 0.98, 1.0], [0.64, 0.6799999999999999, 0.8200000000000001, 0.8800000000000001, 0.9500000000000001, 0.93, 0.94, 0.9400000000000001, 0.97, 0.97, 0.98, 0.96, 0.99, 0.99, 0.98, 0.99, 0.98, 0.99, 0.99, 0.99], [0.76, 0.8300000000000001, 0.86, 0.88, 0.8999999999999999, 0.96, 0.96, 0.95, 0.97, 0.98, 0.97, 0.99, 0.97, 0.98, 0.98, 0.98, 0.99, 0.99, 0.99, 0.98]]}