{"N": 10, "N_trial": 1000, "Z": [[0.0, 0.0, 0.015, 0.856, 0.521, 0.869, 0.9510000000000001, 0.9770000000000001, 0.9910000000000001, 0.991], [0.0, 0.0, 0.191, 0.481, 0.756, 0.901, 0.963, 0.98, 0.993, 0.993], [0.0, 0.054000000000000006, 0.665, 0.57, 0.854, 0.945, 0.9770000000000001, 0.9910000000000001, 0.994, 0.993], [0.0, 0.342, 0.42300000000000004, 0.8049999999999999, 0.917, 0.956, 0.98, 0.99, 0.995, 0.996], [0.0, 0.6649999999999999, 0.618, 0.873, 0.956, 0.975, 0.987, 0.992, 0.9969999999999999, 0.9969999999999999], [0.037, 0.9119999999999999, 0.782, 0.917, 0.962, 0.98, 0.9870000000000001, 0.9949999999999999, 0.996, 0.9950000000000001], [0.28700000000000003, 0.8260000000000001, 0.884, 0.9550000000000001, 0.977, 0.99, 0.993, 0.995, 0.997, 0.9970000000000001], [0.6040000000000001, 0.856, 0.9269999999999999, 0.974, 0.981, 0.984, 0.9930000000000001, 0.992, 0.997, 0.997], [0.78, 0.927, 0.952, 0.973, 0.99, 0.99, 0.9910000000000001, 0.9929999999999999, 0.993, 0.996], [0.873, 0.9650000000000001, 0.954, 0.968, 0.987, 0.989, 0.995, 0.994, 0.997, 0.996]]}