{"N": 20, "N_trial": 100, "Z": [[0.0, 0.0, 0.0, 0.0, 0.0, 0.0, 0.02, 0.15000000000000002, 0.33999999999999997, 0.53, 0.6799999999999999, 0.75, 0.8600000000000001, 0.9199999999999999, 0.92, 0.95, 0.98, 0.99, 0.99, 0.99], [0.0, 0.0, 0.0, 0.0, 0.0, 0.0, 0.06, 0.24, 0.42, 0.63, 0.71, 0.8400000000000001, 0.89, 0.91, 0.9600000000000001, 0.97, 0.97, 0.97, 0.99, 0.99], [0.0, 0.0, 0.0, 0.0, 0.0, 0.05, 0.23, 0.41000000000000003, 0.59, 0.72, 0.79, 0.8899999999999999, 0.9299999999999999, 0.9400000000000001, 0.97, 0.98, 0.99, 0.99, 0.98, 0.98], [0.0, 0.0, 0.0, 0.0, 0.05, 0.17, 0.43, 0.62, 0.77, 0.78, 0.9099999999999999, 0.9299999999999999, 0.95, 0.96, 0.96, 0.98, 0.99, 0.99, 1.0, 0.98], [0.0, 0.0, 0.0, 0.05, 0.23, 0.42000000000000004, 0.62, 0.72, 0.75, 0.87, 0.92, 0.92, 0.94, 0.98, 0.97, 0.97, 0.99, 0.99, 0.99, 0.99], [0.0, 0.0, 0.05, 0.16999999999999998, 0.36, 0.55, 0.75, 0.85, 0.85, 0.8999999999999999, 0.97, 0.95, 0.98, 0.99, 0.98, 0.99, 0.99, 1.0, 0.98, 0.99], [0.0, 0.13, 0.32, 0.43, 0.58, 0.71, 0.8200000000000001, 0.84, 0.89, 0.9600000000000001, 0.95, 0.97, 0.98, 0.97, 0.99, 0.99, 0.98, 1.0, 0.99, 0.99], [0.18, 0.38, 0.37, 0.6000000000000001, 0.7, 0.83, 0.87, 0.95, 0.9, 0.97, 0.98, 0.99, 0.97, 0.97, 0.99, 0.96, 0.98, 1.0, 1.0, 1.0], [0.36, 0.49, 0.7, 0.71, 0.8200000000000001, 0.85, 0.9299999999999999, 0.93, 0.95, 0.9700000000000001, 0.96, 0.96, 0.99, 0.98, 0.98, 0.98, 0.99, 1.0, 0.99, 0.99], [0.5800000000000001, 0.66, 0.7799999999999999, 0.79, 0.87, 0.9299999999999999, 0.89, 0.9299999999999999, 0.97, 0.94, 0.97, 0.99, 0.97, 0.98, 0.97, 0.99, 0.99, 0.98, 0.99, 1.0], [0.66, 0.79, 0.8500000000000001, 0.91, 0.96, 0.96, 0.94, 0.96, 0.97, 0.99, 0.96, 0.97, 0.98, 0.98, 0.99, 0.99, 0.99, 0.99, 0.99, 0.99], [0.8600000000000001, 0.8300000000000001, 0.86, 0.89, 0.9500000000000001, 0.9600000000000001, 0.98, 0.97, 0.96, 0.97, 0.99, 0.98, 0.98, 0.99, 0.99, 1.0, 0.98, 1.0, 0.98, 0.99], [0.8300000000000001, 0.9299999999999999, 0.9299999999999999, 0.95, 0.94, 0.9400000000000001, 0.96, 0.97, 0.97, 0.97, 0.98, 0.99, 0.98, 0.98, 0.99, 0.99, 0.99, 1.0, 1.0, 1.0], [0.94, 0.95, 0.96, 0.94, 0.93, 0.96, 0.96, 0.98, 0.93, 0.97, 0.9600000000000001, 0.98, 0.97, 0.98, 0.99, 0.99, 0.99, 0.99, 0.99, 0.99], [0.8999999999999999, 0.98, 0.95, 0.96, 0.9400000000000001, 0.9299999999999999, 0.98, 0.96, 0.99, 0.99, 0.98, 0.97, 0.97, 0.97, 0.98, 1.0, 0.99, 0.99, 0.99, 0.99], [0.89, 0.8999999999999999, 0.9199999999999999, 0.9299999999999999, 0.9299999999999999, 0.9299999999999999, 0.97, 0.97, 0.95, 0.98, 0.98, 0.97, 0.97, 0.98, 0.98, 0.98, 0.99, 0.99, 0.99, 1.0], [0.96, 0.98, 0.96, 0.95, 0.97, 0.96, 0.95, 0.95, 0.97, 0.98, 0.96, 0.98, 0.98, 0.97, 0.99, 0.98, 0.99, 0.99, 0.99, 0.98], [0.99, 0.9099999999999999, 0.92, 0.9400000000000001, 0.9400000000000001, 0.9400000000000001, 0.9199999999999999, 0.9199999999999999, 0.97, 0.9600000000000001, 0.97, 0.99, 0.99, 0.98, 0.99, 0.98, 1.0, 1.0, 1.0, 0.99], [0.96, 0.8999999999999999, 0.93, 0.96, 0.95, 0.96, 0.96, 0.97, 0.97, 0.98, 0.99, 0.97, 0.98, 0.98, 0.99, 0.98, 0.99, 0.99, 0.99, 0.99], [0.97, 0.9600000000000001, 0.95, 0.98, 0.97, 0.94, 0.96, 0.98, 0.97, 0.98, 0.95, 0.98, 0.99, 0.98, 0.99, 0.99, 0.99, 0.99, 0.99, 1.0]]}