{"N": 10, "N_trial": 1000, "Z": [[0.0, 0.0, 0.009000000000000001, 0.919, 0.505, 0.868, 0.9470000000000001, 0.973, 0.99, 0.995], [0.0, 0.0, 0.189, 0.485, 0.734, 0.8939999999999999, 0.963, 0.984, 0.992, 0.995], [0.0, 0.057, 0.638, 0.5409999999999999, 0.847, 0.947, 0.9770000000000001, 0.988, 0.995, 0.996], [0.0, 0.35700000000000004, 0.426, 0.794, 0.9139999999999999, 0.966, 0.9810000000000001, 0.9930000000000001, 0.996, 0.997], [0.0, 0.654, 0.603, 0.854, 0.949, 0.979, 0.989, 0.991, 0.996, 0.996], [0.055, 0.876, 0.775, 0.932, 0.965, 0.9830000000000001, 0.989, 0.9910000000000001, 0.996, 0.998], [0.28700000000000003, 0.837, 0.88, 0.9430000000000001, 0.973, 0.992, 0.99, 0.993, 0.997, 0.998], [0.577, 0.883, 0.9159999999999999, 0.96, 0.984, 0.988, 0.994, 0.996, 0.995, 0.996], [0.7909999999999999, 0.918, 0.944, 0.976, 0.977, 0.991, 0.996, 0.9950000000000001, 0.996, 0.9969999999999999], [0.878, 0.957, 0.969, 0.96, 0.989, 0.99, 0.992, 0.992, 0.996, 0.997]]}