{"N": 20, "N_trial": 100, "Z": [[0.0, 0.0, 0.0, 0.0, 0.0, 0.0, 0.0, 0.13, 0.19999999999999998, 0.45999999999999996, 0.62, 0.7999999999999999, 0.8400000000000001, 0.9199999999999999, 0.9299999999999999, 0.96, 0.97, 0.98, 0.99, 0.99], [0.0, 0.0, 0.0, 0.0, 0.0, 0.0, 0.01, 0.12000000000000001, 0.3, 0.51, 0.6799999999999999, 0.76, 0.9, 0.9099999999999999, 0.92, 0.9400000000000001, 0.96, 0.99, 0.99, 0.99], [0.0, 0.0, 0.0, 0.0, 0.0, 0.0, 0.11, 0.31, 0.36, 0.6599999999999999, 0.77, 0.8899999999999999, 0.89, 0.93, 0.97, 0.99, 0.97, 0.99, 0.99, 0.98], [0.0, 0.0, 0.0, 0.0, 0.0, 0.07, 0.28, 0.43000000000000005, 0.65, 0.8, 0.86, 0.92, 0.94, 0.94, 0.95, 0.99, 0.96, 0.99, 1.0, 0.99], [0.0, 0.0, 0.0, 0.0, 0.04, 0.19, 0.33, 0.65, 0.78, 0.8700000000000001, 0.8899999999999999, 0.92, 0.94, 0.95, 0.97, 0.98, 0.98, 0.99, 0.99, 0.99], [0.0, 0.0, 0.01, 0.05, 0.27, 0.44, 0.64, 0.74, 0.79, 0.9099999999999999, 0.91, 0.95, 0.96, 0.98, 0.98, 0.9800000000000001, 0.99, 1.0, 0.99, 0.99], [0.0, 0.0, 0.15000000000000002, 0.31, 0.51, 0.6699999999999999, 0.73, 0.86, 0.9, 0.92, 0.96, 0.99, 0.99, 0.9700000000000001, 0.98, 0.99, 0.98, 0.99, 1.0, 0.99], [0.03, 0.13, 0.33999999999999997, 0.48, 0.68, 0.74, 0.84, 0.8700000000000001, 0.94, 0.94, 0.97, 0.96, 0.97, 0.99, 0.99, 0.99, 0.98, 1.0, 1.0, 1.0], [0.15000000000000002, 0.35, 0.53, 0.6699999999999999, 0.73, 0.8, 0.8799999999999999, 0.91, 0.9199999999999999, 0.94, 0.9600000000000001, 0.96, 0.98, 0.98, 0.97, 0.99, 1.0, 1.0, 0.99, 1.0], [0.39, 0.54, 0.67, 0.7, 0.87, 0.89, 0.89, 0.9199999999999999, 0.96, 0.98, 0.97, 0.96, 0.98, 0.99, 0.99, 0.98, 0.99, 0.99, 0.99, 0.99], [0.5800000000000001, 0.7, 0.76, 0.8500000000000001, 0.8999999999999999, 0.9, 0.9500000000000001, 0.9600000000000001, 0.97, 0.98, 0.93, 0.98, 0.97, 0.98, 0.98, 1.0, 0.98, 1.0, 1.0, 0.99], [0.77, 0.8600000000000001, 0.7999999999999999, 0.88, 0.94, 0.8999999999999999, 0.94, 0.9600000000000001, 0.96, 0.94, 0.96, 0.96, 0.98, 0.98, 0.99, 0.99, 0.99, 0.99, 1.0, 0.99], [0.77, 0.83, 0.92, 0.89, 0.9099999999999999, 0.96, 0.97, 0.94, 0.96, 0.97, 0.96, 0.99, 0.98, 0.98, 1.0, 0.99, 0.98, 0.99, 1.0, 1.0], [0.8700000000000001, 0.9500000000000001, 0.8799999999999999, 0.9400000000000001, 0.96, 0.96, 0.97, 0.97, 0.97, 0.98, 0.96, 0.98, 0.97, 0.98, 0.98, 0.98, 0.99, 0.98, 1.0, 0.99], [0.87, 0.87, 0.9299999999999999, 0.9700000000000001, 0.92, 0.95, 0.98, 0.98, 0.97, 0.98, 0.98, 0.98, 0.99, 0.99, 0.97, 0.99, 0.98, 0.99, 1.0, 1.0], [0.93, 0.9099999999999999, 0.97, 0.89, 0.93, 0.97, 0.98, 0.9500000000000001, 0.97, 0.97, 0.98, 0.98, 0.99, 0.98, 0.99, 0.99, 0.98, 1.0, 0.99, 0.99], [0.9099999999999999, 1.0, 0.97, 0.97, 0.98, 0.97, 0.93, 0.95, 0.9700000000000001, 0.96, 0.98, 0.9700000000000001, 0.99, 0.98, 0.99, 0.99, 1.0, 1.0, 0.99, 1.0], [0.9, 0.96, 0.9, 0.96, 0.96, 0.98, 0.96, 0.96, 0.97, 0.96, 0.95, 0.99, 0.99, 0.99, 0.98, 0.99, 0.99, 0.99, 0.99, 1.0], [0.9099999999999999, 0.9199999999999999, 0.98, 0.97, 0.97, 0.97, 0.99, 0.9700000000000001, 0.99, 0.97, 1.0, 0.96, 0.99, 0.98, 0.99, 0.99, 0.99, 1.0, 1.0, 1.0], [0.95, 0.96, 0.99, 0.99, 0.9500000000000001, 0.98, 0.94, 0.97, 0.98, 0.98, 0.97, 0.98, 0.97, 0.97, 0.99, 1.0, 0.99, 0.99, 0.99, 0.99]]}