{"N": 10, "N_trial": 1000, "Z": [[0.0, 0.0, 0.016, 0.8470000000000001, 0.513, 0.86, 0.9430000000000001, 0.978, 0.993, 0.9949999999999999], [0.0, 0.0, 0.19499999999999998, 0.468, 0.725, 0.894, 0.962, 0.9870000000000001, 0.992, 0.996], [0.0, 0.063, 0.598, 0.571, 0.858, 0.946, 0.9750000000000001, 0.987, 0.994, 0.9969999999999999], [0.0, 0.369, 0.426, 0.7969999999999999, 0.915, 0.9690000000000001, 0.9829999999999999, 0.988, 0.995, 0.997], [0.0, 0.6609999999999999, 0.609, 0.883, 0.951, 0.971, 0.991, 0.992, 0.996, 0.9970000000000001], [0.04, 0.921, 0.754, 0.92, 0.946, 0.985, 0.9870000000000001, 0.9930000000000001, 0.996, 0.995], [0.33299999999999996, 0.8069999999999999, 0.87, 0.948, 0.973, 0.9870000000000001, 0.994, 0.995, 0.996, 0.9970000000000001], [0.621, 0.8440000000000001, 0.9369999999999999, 0.966, 0.987, 0.9869999999999999, 0.99, 0.994, 0.9969999999999999, 0.997], [0.807, 0.897, 0.979, 0.968, 0.974, 0.98, 0.991, 0.995, 0.995, 0.997], [0.909, 0.96, 0.977, 0.98, 0.9710000000000001, 0.9870000000000001, 0.992, 0.994, 0.996, 0.9969999999999999]]}