{"N": 20, "N_trial": 100, "Z": [[0.0, 0.0, 0.0, 0.0, 0.0, 0.0, 0.0, 0.26, 0.39, 0.65, 0.74, 0.8300000000000001, 0.87, 0.9199999999999999, 0.9299999999999999, 0.96, 0.98, 0.99, 0.99, 0.99], [0.0, 0.0, 0.0, 0.0, 0.0, 0.0, 0.09, 0.33, 0.48, 0.63, 0.77, 0.79, 0.89, 0.8999999999999999, 0.92, 0.97, 0.97, 0.97, 0.99, 0.99], [0.0, 0.0, 0.0, 0.0, 0.0, 0.03, 0.18, 0.36, 0.6, 0.7, 0.79, 0.88, 0.89, 0.9299999999999999, 0.96, 0.98, 0.98, 0.99, 0.99, 0.99], [0.0, 0.0, 0.0, 0.0, 0.01, 0.17, 0.32999999999999996, 0.62, 0.72, 0.78, 0.8400000000000001, 0.91, 0.8899999999999999, 0.94, 0.97, 0.97, 0.99, 0.99, 0.99, 0.98], [0.0, 0.0, 0.0, 0.02, 0.16, 0.32999999999999996, 0.52, 0.77, 0.77, 0.8300000000000001, 0.89, 0.93, 0.9299999999999999, 0.96, 0.97, 0.98, 0.98, 0.98, 0.99, 0.99], [0.0, 0.0, 0.02, 0.09, 0.36, 0.51, 0.66, 0.78, 0.8600000000000001, 0.9099999999999999, 0.9299999999999999, 0.95, 0.97, 0.98, 0.98, 0.96, 0.98, 1.0, 0.99, 0.99], [0.0, 0.03, 0.16, 0.31, 0.5900000000000001, 0.71, 0.84, 0.8300000000000001, 0.86, 0.9400000000000001, 0.96, 0.96, 0.96, 0.98, 0.98, 0.99, 0.99, 0.99, 0.99, 0.99], [0.06, 0.22, 0.36, 0.57, 0.7, 0.78, 0.89, 0.88, 0.8999999999999999, 0.9199999999999999, 0.96, 0.95, 0.96, 0.98, 0.97, 0.98, 0.99, 0.99, 0.99, 0.99], [0.30000000000000004, 0.38, 0.52, 0.74, 0.78, 0.87, 0.84, 0.9299999999999999, 0.94, 0.97, 0.96, 0.97, 0.99, 0.97, 0.99, 0.98, 0.99, 0.99, 0.98, 0.99], [0.5, 0.63, 0.7, 0.8099999999999999, 0.8, 0.9099999999999999, 0.9199999999999999, 0.9199999999999999, 0.94, 0.97, 0.97, 0.98, 0.98, 0.98, 0.98, 0.98, 0.99, 0.99, 0.99, 1.0], [0.58, 0.72, 0.83, 0.87, 0.91, 0.88, 0.9299999999999999, 0.95, 0.94, 0.9299999999999999, 0.97, 0.98, 0.99, 0.97, 0.98, 0.99, 0.99, 0.99, 0.99, 0.99], [0.8, 0.77, 0.8300000000000001, 0.9, 0.9099999999999999, 0.94, 0.9299999999999999, 0.95, 0.96, 0.9299999999999999, 0.97, 0.98, 0.97, 0.99, 0.98, 0.97, 0.98, 0.99, 0.99, 0.99], [0.75, 0.84, 0.9, 0.94, 0.98, 0.96, 0.95, 0.98, 0.95, 0.97, 0.98, 0.98, 0.9800000000000001, 0.99, 0.98, 0.98, 0.99, 0.99, 0.99, 0.98], [0.85, 0.87, 0.94, 0.89, 0.91, 0.93, 0.95, 0.97, 0.95, 0.9700000000000001, 0.99, 0.98, 0.97, 0.98, 0.99, 0.99, 0.99, 0.99, 1.0, 0.99], [0.86, 0.9600000000000001, 0.96, 0.98, 0.9299999999999999, 0.95, 0.9199999999999999, 0.9500000000000001, 0.95, 0.98, 0.96, 0.97, 0.98, 0.98, 0.98, 0.99, 0.99, 0.99, 0.99, 0.99], [0.86, 0.96, 0.9, 0.95, 0.95, 0.94, 0.93, 0.95, 0.98, 0.95, 0.98, 0.98, 0.98, 0.99, 0.96, 0.99, 0.98, 0.98, 0.99, 0.99], [0.9400000000000001, 0.94, 0.8800000000000001, 0.98, 0.97, 0.9400000000000001, 0.98, 0.96, 0.96, 0.99, 0.96, 0.96, 0.96, 0.99, 0.97, 0.98, 0.99, 0.99, 0.99, 0.99], [0.9199999999999999, 0.91, 0.9199999999999999, 0.9299999999999999, 0.94, 0.97, 0.94, 0.96, 0.94, 0.98, 0.94, 0.9600000000000001, 0.99, 0.98, 0.99, 0.99, 0.99, 0.99, 0.99, 0.99], [0.9299999999999999, 0.87, 0.91, 0.9199999999999999, 0.9500000000000001, 0.97, 0.96, 0.97, 0.95, 0.98, 0.98, 0.97, 0.98, 0.99, 0.98, 0.98, 0.99, 0.99, 0.98, 0.99], [0.99, 0.98, 0.9, 0.9099999999999999, 0.9400000000000001, 0.96, 0.95, 0.95, 0.97, 0.96, 0.97, 0.97, 0.98, 0.96, 0.98, 0.99, 0.98, 0.99, 0.99, 0.99]]}