{"N": 20, "N_trial": 100, "Z": [[0.04, 0.02, 0.04, 0.04, 0.03, 0.01, 0.01, 0.08, 0.38, 0.64, 0.73, 0.77, 0.9299999999999999, 0.8999999999999999, 0.95, 0.98, 0.9700000000000001, 0.98, 0.99, 0.99], [0.02, 0.0, 0.02, 0.02, 0.01, 0.04, 0.04, 0.18000000000000002, 0.45, 0.69, 0.81, 0.89, 0.9199999999999999, 0.95, 0.94, 0.96, 0.99, 0.99, 0.99, 0.99], [0.01, 0.02, 0.02, 0.04, 0.04, 0.02, 0.12000000000000001, 0.3, 0.55, 0.71, 0.85, 0.91, 0.88, 0.9400000000000001, 0.96, 0.98, 0.97, 0.98, 0.99, 0.99], [0.04, 0.01, 0.01, 0.0, 0.02, 0.04, 0.21, 0.43, 0.71, 0.81, 0.8400000000000001, 0.8899999999999999, 0.91, 0.95, 0.97, 0.97, 0.99, 0.99, 1.0, 0.99], [0.05, 0.04, 0.01, 0.03, 0.02, 0.16, 0.29000000000000004, 0.54, 0.77, 0.76, 0.89, 0.9199999999999999, 0.9500000000000001, 0.97, 0.98, 0.97, 0.98, 0.99, 0.99, 0.98], [0.03, 0.01, 0.04, 0.03, 0.04, 0.23, 0.5, 0.68, 0.8, 0.8700000000000001, 0.94, 0.9199999999999999, 0.95, 0.96, 0.99, 0.98, 0.99, 0.99, 0.99, 1.0], [0.01, 0.02, 0.02, 0.03, 0.12, 0.38, 0.6100000000000001, 0.77, 0.8500000000000001, 0.8899999999999999, 0.9299999999999999, 0.95, 0.95, 0.98, 0.98, 0.98, 0.98, 0.99, 0.99, 0.99], [0.03, 0.01, 0.04, 0.1, 0.24000000000000002, 0.47, 0.7100000000000001, 0.8200000000000001, 0.85, 0.9199999999999999, 0.9299999999999999, 0.94, 0.97, 0.98, 0.98, 0.96, 0.99, 1.0, 0.98, 0.99], [0.0, 0.02, 0.02, 0.14, 0.49, 0.51, 0.7, 0.85, 0.9199999999999999, 0.92, 0.97, 0.97, 0.97, 0.97, 0.98, 0.97, 0.98, 0.99, 0.98, 0.99], [0.05, 0.04, 0.06, 0.25, 0.43, 0.72, 0.8200000000000001, 0.91, 0.9199999999999999, 0.94, 0.9299999999999999, 0.96, 0.97, 0.98, 0.98, 0.99, 0.99, 0.99, 0.99, 0.99], [0.01, 0.06, 0.14, 0.45, 0.5800000000000001, 0.79, 0.82, 0.88, 0.94, 0.95, 0.96, 0.95, 0.99, 0.97, 0.98, 0.99, 1.0, 0.99, 0.99, 0.99], [0.05, 0.19, 0.32999999999999996, 0.51, 0.75, 0.8200000000000001, 0.85, 0.94, 0.87, 0.9299999999999999, 0.96, 0.96, 0.98, 0.97, 0.96, 0.99, 0.99, 0.99, 1.0, 0.99], [0.09, 0.27, 0.49, 0.64, 0.75, 0.8300000000000001, 0.86, 0.92, 0.9299999999999999, 0.95, 0.97, 0.99, 0.96, 0.98, 0.99, 0.99, 0.98, 0.99, 0.99, 0.99], [0.27, 0.44, 0.66, 0.79, 0.8, 0.87, 0.8599999999999999, 0.9199999999999999, 0.94, 0.97, 0.95, 0.97, 0.96, 0.98, 0.98, 0.98, 0.99, 0.99, 0.99, 0.99], [0.34, 0.53, 0.63, 0.78, 0.92, 0.93, 0.92, 0.95, 0.98, 0.95, 0.97, 0.97, 0.97, 0.99, 0.98, 0.99, 0.99, 0.99, 0.99, 1.0], [0.52, 0.63, 0.8300000000000001, 0.83, 0.9299999999999999, 0.92, 0.96, 0.97, 0.95, 0.97, 0.95, 0.98, 0.98, 0.97, 0.99, 0.99, 0.98, 0.99, 1.0, 0.99], [0.75, 0.81, 0.8, 0.8899999999999999, 0.97, 0.94, 0.96, 0.96, 0.98, 0.97, 0.99, 0.98, 0.98, 0.99, 0.99, 0.99, 0.99, 1.0, 0.98, 1.0], [0.77, 0.77, 0.8400000000000001, 0.8999999999999999, 0.89, 0.98, 0.9299999999999999, 0.9299999999999999, 0.96, 0.96, 0.97, 0.97, 0.98, 0.9800000000000001, 0.98, 0.98, 0.99, 0.99, 1.0, 0.99], [0.74, 0.8700000000000001, 0.9299999999999999, 0.89, 0.95, 0.95, 0.95, 0.96, 0.93, 0.9600000000000001, 0.96, 0.99, 0.97, 0.97, 0.97, 0.99, 0.99, 0.99, 0.99, 0.99], [0.8200000000000001, 0.9199999999999999, 0.96, 0.9299999999999999, 0.97, 0.9500000000000001, 0.89, 0.97, 0.97, 0.97, 0.98, 0.97, 0.96, 0.99, 0.99, 0.99, 1.0, 0.99, 0.98, 0.99]]}