{"N": 10, "N_trial": 1000, "Z": [[0.0, 0.0, 0.019, 0.8140000000000001, 0.518, 0.855, 0.9410000000000001, 0.978, 0.993, 0.995], [0.0, 0.0, 0.212, 0.443, 0.756, 0.892, 0.9550000000000001, 0.983, 0.992, 0.9969999999999999], [0.0, 0.07100000000000001, 0.5429999999999999, 0.585, 0.853, 0.944, 0.9730000000000001, 0.985, 0.994, 0.994], [0.0, 0.344, 0.425, 0.797, 0.9139999999999999, 0.9590000000000001, 0.986, 0.99, 0.995, 0.997], [0.0, 0.657, 0.6120000000000001, 0.856, 0.944, 0.98, 0.984, 0.9869999999999999, 0.995, 0.994], [0.041999999999999996, 0.913, 0.768, 0.9139999999999999, 0.97, 0.982, 0.99, 0.993, 0.996, 0.996], [0.298, 0.841, 0.901, 0.954, 0.973, 0.9790000000000001, 0.99, 0.994, 0.994, 0.996], [0.608, 0.869, 0.9299999999999999, 0.979, 0.978, 0.986, 0.989, 0.994, 0.9970000000000001, 0.996], [0.764, 0.914, 0.958, 0.969, 0.983, 0.988, 0.992, 0.994, 0.9969999999999999, 0.998], [0.897, 0.924, 0.9790000000000001, 0.9830000000000001, 0.98, 0.988, 0.991, 0.995, 0.994, 0.998]]}