{"N": 10, "N_trial": 1000, "Z": [[0.0, 0.0, 0.025, 0.794, 0.505, 0.871, 0.9490000000000001, 0.978, 0.991, 0.994], [0.0, 0.0, 0.19499999999999998, 0.472, 0.736, 0.8919999999999999, 0.962, 0.985, 0.9930000000000001, 0.994], [0.0, 0.059, 0.645, 0.551, 0.861, 0.9390000000000001, 0.977, 0.987, 0.995, 0.996], [0.0, 0.33999999999999997, 0.423, 0.7949999999999999, 0.901, 0.968, 0.984, 0.992, 0.994, 0.997], [0.0, 0.647, 0.638, 0.873, 0.95, 0.977, 0.986, 0.99, 0.996, 0.998], [0.052000000000000005, 0.915, 0.75, 0.936, 0.958, 0.98, 0.994, 0.994, 0.994, 0.997], [0.302, 0.801, 0.882, 0.9550000000000001, 0.981, 0.9870000000000001, 0.987, 0.996, 0.996, 0.996], [0.629, 0.843, 0.946, 0.967, 0.985, 0.9870000000000001, 0.992, 0.995, 0.996, 0.997], [0.784, 0.923, 0.933, 0.9710000000000001, 0.984, 0.9889999999999999, 0.992, 0.995, 0.9950000000000001, 0.996], [0.875, 0.942, 0.966, 0.973, 0.982, 0.988, 0.987, 0.995, 0.995, 0.9969999999999999]]}