{"N": 20, "N_trial": 100, "Z": [[0.0, 0.0, 0.0, 0.0, 0.0, 0.0, 0.0, 0.04, 0.25, 0.46, 0.5700000000000001, 0.78, 0.79, 0.87, 0.96, 0.9600000000000001, 0.97, 0.96, 0.98, 0.99], [0.0, 0.0, 0.0, 0.0, 0.0, 0.0, 0.01, 0.13, 0.28, 0.52, 0.7, 0.78, 0.86, 0.95, 0.9299999999999999, 0.98, 0.9700000000000001, 0.99, 0.99, 0.99], [0.0, 0.0, 0.0, 0.0, 0.0, 0.0, 0.06, 0.17, 0.31000000000000005, 0.59, 0.67, 0.8400000000000001, 0.9, 0.9199999999999999, 0.9700000000000001, 0.98, 0.98, 0.99, 0.99, 0.99], [0.0, 0.0, 0.0, 0.0, 0.0, 0.01, 0.12, 0.35, 0.48, 0.72, 0.8, 0.8400000000000001, 0.94, 0.92, 0.96, 0.99, 0.98, 0.99, 1.0, 1.0], [0.0, 0.0, 0.0, 0.0, 0.01, 0.13, 0.36, 0.46, 0.62, 0.8, 0.89, 0.9199999999999999, 0.9700000000000001, 0.97, 0.97, 0.99, 0.99, 0.99, 1.0, 0.99], [0.0, 0.0, 0.0, 0.03, 0.16, 0.25, 0.5, 0.63, 0.76, 0.85, 0.9099999999999999, 0.94, 0.9299999999999999, 0.95, 0.9800000000000001, 0.9700000000000001, 0.98, 0.99, 0.99, 1.0], [0.0, 0.0, 0.03, 0.12000000000000001, 0.31, 0.56, 0.74, 0.76, 0.88, 0.9299999999999999, 0.9199999999999999, 0.9400000000000001, 0.95, 0.98, 0.99, 0.98, 0.97, 1.0, 1.0, 0.99], [0.01, 0.01, 0.11, 0.31000000000000005, 0.53, 0.69, 0.78, 0.86, 0.91, 0.95, 0.95, 0.97, 0.97, 0.97, 0.96, 0.98, 1.0, 0.98, 1.0, 1.0], [0.04, 0.15000000000000002, 0.32, 0.56, 0.72, 0.77, 0.8799999999999999, 0.89, 0.93, 0.96, 0.98, 0.97, 0.99, 0.99, 0.99, 0.99, 1.0, 0.99, 0.99, 1.0], [0.22999999999999998, 0.36, 0.54, 0.77, 0.79, 0.86, 0.8999999999999999, 0.94, 0.96, 0.99, 0.99, 0.97, 0.98, 0.98, 0.99, 0.99, 0.99, 1.0, 0.99, 1.0], [0.39, 0.47000000000000003, 0.5700000000000001, 0.79, 0.8300000000000001, 0.9099999999999999, 0.92, 0.94, 0.96, 0.9600000000000001, 0.98, 0.98, 1.0, 0.98, 0.99, 0.98, 0.99, 1.0, 0.99, 0.99], [0.57, 0.72, 0.75, 0.86, 0.92, 0.9199999999999999, 0.96, 0.98, 0.99, 0.97, 0.99, 0.96, 0.98, 1.0, 0.99, 0.9800000000000001, 0.99, 0.99, 1.0, 1.0], [0.8, 0.8300000000000001, 0.8500000000000001, 0.9299999999999999, 0.96, 0.96, 0.95, 0.95, 0.9800000000000001, 0.95, 0.99, 0.99, 0.99, 0.9800000000000001, 0.99, 0.99, 1.0, 0.99, 0.99, 1.0], [0.87, 0.88, 0.87, 0.94, 0.97, 0.9199999999999999, 0.98, 0.95, 0.99, 0.95, 0.99, 0.97, 0.98, 1.0, 0.99, 1.0, 1.0, 0.99, 1.0, 0.99], [0.94, 0.9400000000000001, 0.9299999999999999, 0.9199999999999999, 0.98, 0.99, 0.96, 0.99, 0.98, 0.99, 0.96, 0.97, 0.98, 0.99, 1.0, 0.99, 0.99, 0.98, 1.0, 1.0], [0.87, 0.95, 0.95, 0.9400000000000001, 0.97, 0.95, 0.95, 1.0, 0.97, 0.98, 1.0, 0.97, 1.0, 0.98, 0.99, 0.99, 0.99, 0.99, 1.0, 0.99], [0.91, 0.89, 0.8700000000000001, 0.95, 0.9299999999999999, 0.94, 0.97, 0.98, 0.99, 0.98, 0.99, 0.98, 0.99, 0.99, 0.99, 0.99, 0.99, 1.0, 1.0, 0.99], [0.91, 0.89, 0.91, 0.9299999999999999, 0.96, 0.97, 0.9600000000000001, 0.98, 0.99, 0.98, 0.99, 1.0, 0.99, 0.99, 0.99, 0.99, 1.0, 0.99, 0.99, 1.0], [0.96, 0.9500000000000001, 0.99, 0.9500000000000001, 0.98, 0.98, 0.99, 0.98, 0.99, 0.99, 0.99, 0.99, 0.99, 0.99, 0.99, 0.99, 0.99, 0.99, 1.0, 0.99], [0.9199999999999999, 0.96, 0.99, 1.0, 0.97, 0.95, 0.9500000000000001, 0.98, 0.98, 0.97, 0.98, 0.99, 1.0, 0.99, 0.99, 0.99, 0.99, 1.0, 0.9800000000000001, 1.0]]}