{"p2": [0.8069999999999999, 0.822, 0.847, 0.877, 0.893, 0.925, 0.9239999999999999, 0.9550000000000001, 0.947, 0.9570000000000001, 0.967, 0.985, 0.98, 0.986, 0.989, 0.99, 0.99, 0.9929999999999999, 0.994, 0.996], "p3": [0.5870000000000001, 0.699, 0.768, 0.8260000000000001, 0.883, 0.9329999999999999, 0.946, 0.968, 0.966, 0.983, 0.983, 0.992, 0.988, 0.994, 0.995, 0.995, 0.998, 0.994, 0.998, 0.997], "p4": [0.119, 0.292, 0.479, 0.6849999999999999, 0.825, 0.899, 0.934, 0.961, 0.97, 0.9870000000000001, 0.988, 0.994, 0.994, 0.994, 0.992, 0.996, 0.998, 0.997, 0.9989999999999999, 0.9950000000000001], "q2": [0, 0.846, 0.844, 0.857, 0.8879999999999999, 0.9069999999999999, 0.929, 0.9239999999999999, 0.9500000000000001, 0.95, 0.965, 0.974, 0.957, 0.968, 0.973, 0.982, 0.982, 0.985, 0.988, 0.988], "q3": [0, 0.645, 0.7140000000000001, 0.782, 0.851, 0.87, 0.8939999999999999, 0.9249999999999999, 0.942, 0.957, 0.964, 0.978, 0.977, 0.99, 0.989, 0.984, 0.988, 0.982, 0.992, 0.986], "q4": [0, 0.32699999999999996, 0.503, 0.63, 0.759, 0.829, 0.882, 0.921, 0.9319999999999999, 0.958, 0.973, 0.987, 0.986, 0.974, 0.991, 0.984, 0.989, 0.99, 0.988, 0.991]}