{"p2": [0.23099999999999998, 0.277, 0.38, 0.441, 0.479, 0.601, 0.665, 0.717, 0.768, 0.8140000000000001, 0.841, 0.9139999999999999, 0.9159999999999999, 0.925, 0.935, 0.949, 0.9590000000000001, 0.972, 0.976, 0.9809999999999999], "p3": [0.041999999999999996, 0.07, 0.174, 0.30100000000000005, 0.465, 0.585, 0.704, 0.784, 0.857, 0.9099999999999999, 0.927, 0.935, 0.954, 0.964, 0.97, 0.978, 0.992, 0.988, 0.9949999999999999, 0.993], "p4": [0.003, 0.009000000000000001, 0.024, 0.123, 0.376, 0.605, 0.758, 0.841, 0.889, 0.9390000000000001, 0.9610000000000001, 0.972, 0.98, 0.986, 0.987, 0.9949999999999999, 0.9929999999999999, 0.994, 0.996, 0.993], "q2": [0, 0.25, 0.323, 0.357, 0.42900000000000005, 0.49, 0.589, 0.624, 0.641, 0.6799999999999999, 0.742, 0.785, 0.7869999999999999, 0.837, 0.823, 0.849, 0.883, 0.89, 0.895, 0.9009999999999999], "q3": [0, 0.08, 0.14400000000000002, 0.23199999999999998, 0.356, 0.47100000000000003, 0.5549999999999999, 0.6160000000000001, 0.704, 0.7669999999999999, 0.812, 0.835, 0.87, 0.877, 0.899, 0.9279999999999999, 0.907, 0.9119999999999999, 0.946, 0.96], "q4": [0, 0.013000000000000001, 0.057999999999999996, 0.135, 0.277, 0.44399999999999995, 0.558, 0.639, 0.74, 0.789, 0.8480000000000001, 0.8700000000000001, 0.9039999999999999, 0.9410000000000001, 0.934, 0.9279999999999999, 0.942, 0.959, 0.9610000000000001, 0.965]}