{"p2": [0.353, 0.404, 0.498, 0.56, 0.642, 0.717, 0.757, 0.817, 0.847, 0.8979999999999999, 0.9129999999999999, 0.9359999999999999, 0.922, 0.945, 0.961, 0.968, 0.967, 0.986, 0.9770000000000001, 0.983], "p3": [0.051000000000000004, 0.122, 0.244, 0.40399999999999997, 0.5740000000000001, 0.711, 0.764, 0.849, 0.902, 0.914, 0.9530000000000001, 0.9630000000000001, 0.968, 0.982, 0.9809999999999999, 0.9830000000000001, 0.9930000000000001, 0.9909999999999999, 0.9929999999999999, 0.994], "p4": [0.0, 0.001, 0.041999999999999996, 0.194, 0.46199999999999997, 0.6559999999999999, 0.7829999999999999, 0.886, 0.933, 0.9470000000000001, 0.976, 0.982, 0.986, 0.988, 0.988, 0.994, 0.995, 0.9969999999999999, 0.998, 0.996], "q2": [0, 0.353, 0.403, 0.46799999999999997, 0.554, 0.596, 0.681, 0.722, 0.766, 0.7989999999999999, 0.847, 0.865, 0.897, 0.8919999999999999, 0.901, 0.9259999999999999, 0.9390000000000001, 0.948, 0.956, 0.948], "q3": [0, 0.095, 0.209, 0.31599999999999995, 0.423, 0.573, 0.652, 0.733, 0.772, 0.8340000000000001, 0.868, 0.885, 0.912, 0.935, 0.949, 0.9630000000000001, 0.9590000000000001, 0.9610000000000001, 0.983, 0.974], "q4": [0, 0.009000000000000001, 0.047, 0.134, 0.30200000000000005, 0.447, 0.623, 0.748, 0.7889999999999999, 0.84, 0.8880000000000001, 0.9339999999999999, 0.956, 0.958, 0.96, 0.961, 0.982, 0.963, 0.982, 0.9790000000000001]}