{"p2": [0.248, 0.30200000000000005, 0.368, 0.461, 0.546, 0.605, 0.692, 0.721, 0.757, 0.812, 0.844, 0.899, 0.897, 0.921, 0.939, 0.9490000000000001, 0.943, 0.9789999999999999, 0.977, 0.979], "p3": [0.06, 0.118, 0.2, 0.32399999999999995, 0.462, 0.6020000000000001, 0.728, 0.7849999999999999, 0.8440000000000001, 0.891, 0.9169999999999999, 0.939, 0.958, 0.9650000000000001, 0.976, 0.982, 0.986, 0.9830000000000001, 0.986, 0.991], "p4": [0.004, 0.022, 0.065, 0.184, 0.383, 0.603, 0.772, 0.867, 0.904, 0.9450000000000001, 0.9530000000000001, 0.9690000000000001, 0.98, 0.9810000000000001, 0.9909999999999999, 0.988, 0.994, 0.994, 0.9969999999999999, 0.996], "q2": [0, 0.29400000000000004, 0.346, 0.401, 0.46599999999999997, 0.51, 0.601, 0.607, 0.6910000000000001, 0.6950000000000001, 0.738, 0.7350000000000001, 0.8, 0.806, 0.8280000000000001, 0.856, 0.865, 0.8739999999999999, 0.889, 0.898], "q3": [0, 0.138, 0.20400000000000001, 0.281, 0.393, 0.498, 0.5700000000000001, 0.6699999999999999, 0.7, 0.752, 0.796, 0.82, 0.85, 0.865, 0.8860000000000001, 0.9099999999999999, 0.932, 0.938, 0.938, 0.94], "q4": [0, 0.053000000000000005, 0.084, 0.178, 0.306, 0.46399999999999997, 0.556, 0.656, 0.732, 0.7929999999999999, 0.8109999999999999, 0.8559999999999999, 0.907, 0.9179999999999999, 0.9470000000000001, 0.9410000000000001, 0.9530000000000001, 0.9500000000000001, 0.961, 0.956]}