{"p2": [0.22, 0.328, 0.383, 0.481, 0.53, 0.61, 0.6859999999999999, 0.7290000000000001, 0.7769999999999999, 0.831, 0.8380000000000001, 0.892, 0.919, 0.925, 0.9359999999999999, 0.9550000000000001, 0.9610000000000001, 0.976, 0.976, 0.979], "p3": [0.135, 0.10600000000000001, 0.17900000000000002, 0.31599999999999995, 0.47300000000000003, 0.625, 0.732, 0.795, 0.8540000000000001, 0.8700000000000001, 0.9279999999999999, 0.942, 0.943, 0.9630000000000001, 0.976, 0.9830000000000001, 0.9890000000000001, 0.9929999999999999, 0.994, 0.995], "p4": [0.092, 0.103, 0.107, 0.172, 0.396, 0.614, 0.752, 0.8580000000000001, 0.8999999999999999, 0.944, 0.956, 0.977, 0.9770000000000001, 0.988, 0.992, 0.9930000000000001, 0.9949999999999999, 0.996, 0.998, 0.9989999999999999], "q2": [0, 0.274, 0.333, 0.41500000000000004, 0.45899999999999996, 0.495, 0.583, 0.598, 0.665, 0.698, 0.712, 0.766, 0.7729999999999999, 0.817, 0.815, 0.865, 0.875, 0.893, 0.891, 0.9039999999999999], "q3": [0, 0.137, 0.207, 0.284, 0.378, 0.491, 0.573, 0.646, 0.718, 0.751, 0.788, 0.825, 0.85, 0.884, 0.8799999999999999, 0.89, 0.9219999999999999, 0.9319999999999999, 0.937, 0.942], "q4": [0, 0.096, 0.101, 0.173, 0.301, 0.438, 0.5509999999999999, 0.6699999999999999, 0.7350000000000001, 0.779, 0.8280000000000001, 0.879, 0.9079999999999999, 0.905, 0.918, 0.9500000000000001, 0.958, 0.952, 0.963, 0.964]}