{"p2": [0.224, 0.303, 0.37, 0.45599999999999996, 0.538, 0.629, 0.689, 0.778, 0.781, 0.827, 0.891, 0.8859999999999999, 0.927, 0.941, 0.932, 0.9670000000000001, 0.957, 0.976, 0.981, 0.988], "p3": [0.02, 0.063, 0.157, 0.309, 0.46299999999999997, 0.602, 0.734, 0.8140000000000001, 0.862, 0.905, 0.9179999999999999, 0.952, 0.954, 0.9770000000000001, 0.976, 0.986, 0.99, 0.992, 0.991, 0.991], "p4": [0.0, 0.0, 0.015, 0.129, 0.376, 0.613, 0.742, 0.863, 0.899, 0.95, 0.9510000000000001, 0.974, 0.98, 0.9850000000000001, 0.988, 0.989, 0.989, 0.996, 0.996, 0.9950000000000001], "q2": [0, 0.259, 0.32, 0.385, 0.442, 0.515, 0.5619999999999999, 0.635, 0.696, 0.728, 0.764, 0.81, 0.812, 0.843, 0.876, 0.891, 0.903, 0.896, 0.917, 0.944], "q3": [0, 0.051000000000000004, 0.104, 0.21000000000000002, 0.352, 0.46799999999999997, 0.575, 0.6519999999999999, 0.719, 0.7909999999999999, 0.799, 0.876, 0.868, 0.877, 0.9209999999999999, 0.9289999999999999, 0.9520000000000001, 0.9510000000000001, 0.939, 0.977], "q4": [0, 0.003, 0.018000000000000002, 0.114, 0.214, 0.382, 0.532, 0.6619999999999999, 0.748, 0.8260000000000001, 0.843, 0.901, 0.927, 0.925, 0.951, 0.9590000000000001, 0.976, 0.973, 0.976, 0.9710000000000001]}